{
    "isolation_forest": {
        "precision": 0.09876543209876543,
        "recall": 1.0,
        "f1": 0.1797752808988764
    },
    "lstm_autoencoder": {
        "precision": 0.09696969696969697,
        "recall": 1.0,
        "f1": 0.17679558011049723
    }
}