{
    "isolation_forest": {
        "precision": 0.039603960396039604,
        "recall": 1.0,
        "f1": 0.07619047619047618
    }
}